PersonNotificationBObj/TCRMPersonBObj/TCRMPersonNameBObj/Suffix,//cus_info:MDMPublish/cus_info:customerNotification/cus_info:customer/cus:legalName/cus:suffix,Mrs.,595959
PersonNotificationBObj/TCRMPersonBObj/TCRMPersonNameBObj/Suffix,//cus_info:MDMPublish/cus_info:customerNotification/cus_info:customer/cus:legalName/cus:suffix,Mrs.,595959
PersonNotificationBObj/TCRMPersonBObj/TCRMPersonNameBObj/Suffix,//cus_info:MDMPublish/cus_info:customerNotification/cus_info:customer/cus:legalName/cus:suffix,Mrs.,595959
PersonNotificationBObj/TCRMPersonBObj/TCRMPersonNameBObj/Suffix,//cus_info:MDMPublish/cus_info:customerNotification/cus_info:customer/cus:legalName/cus:suffix,Mrs.,595959
PersonNotificationBObj/TCRMPersonBObj/TCRMPersonNameBObj/Suffix,//cus_info:MDMPublish/cus_info:customerNotification/cus_info:customer/cus:legalName/cus:suffix,Mrs.,595959
PersonNotificationBObj/TCRMPersonBObj/TCRMPersonNameBObj/Suffix,//cus_info:MDMPublish/cus_info:customerNotification/cus_info:customer/cus:legalName/cus:suffix,Dr.,243243
PersonNotificationBObj/TCRMPersonBObj/TCRMPersonNameBObj/Suffix,//cus_info:MDMPublish/cus_info:customerNotification/cus_info:customer/cus:legalName/cus:suffix,Dr.,243243
PersonNotificationBObj/TCRMPersonBObj/TCRMPersonNameBObj/Suffix,//cus_info:MDMPublish/cus_info:customerNotification/cus_info:customer/cus:legalName/cus:suffix,Dr.,243243
PersonNotificationBObj/TCRMPersonBObj/TCRMPersonNameBObj/Suffix,//cus_info:MDMPublish/cus_info:customerNotification/cus_info:customer/cus:legalName/cus:suffix,Dr.,243243
PersonNotificationBObj/TCRMPersonBObj/TCRMPersonNameBObj/Suffix,//cus_info:MDMPublish/cus_info:customerNotification/cus_info:customer/cus:legalName/cus:suffix,Dr.,243243
PersonNotificationBObj/TCRMPersonBObj/TCRMPersonNameBObj/Suffix,//cus_info:MDMPublish/cus_info:customerNotification/cus_info:customer/cus:legalName/cus:suffix,Dr.,243243
PersonNotificationBObj/TCRMPersonBObj/TCRMPersonNameBObj/Suffix,//cus_info:MDMPublish/cus_info:customerNotification/cus_info:customer/cus:legalName/cus:suffix,Dr.,243243
PersonNotificationBObj/TCRMPersonBObj/TCRMPersonNameBObj/Suffix,//cus_info:MDMPublish/cus_info:customerNotification/cus_info:customer/cus:legalName/cus:suffix,Dr.,243243
